specimen_id,soma_distance_from_pia
740135032,488.95489922056464
606271263,185.35510042590795
694146546,363.1829539564272
